Timestamp,Name,Phone,Email,City,Service,Message
"2026-08-07 09:28:22","Rajen Sarkar",7738137483,rohit.entry.form@gmail.com,Delhi,SEO,hhj
"2026-08-10 09:48:59",Test,1234567890,qwery@qweryt.com,Delhi,"Not sure yet",Testing
"2026-08-19 14:26:07","Pranab A",5554047281,prana.bhu.e.cod.e@gmail.com,Delhi,SEO,"Hello Brands Me, your agency in Delhi, Mumbai and Chandigarh helps businesses grow. Not having online booking costs you potential clients. I can add an online appointment system to your contact page."
"2026-08-19 17:56:57","Rachel Maynard",643879474,domains@search-brandsme.in,Other,"Website Design & Development","Hey

Register brandsme.in in Google's Search Index to be visible in Google search results!

List brandsme.in now:

searchindex.pro"
"2026-08-20 20:36:36","Elvia Cox",756430452,domains@search-brandsme.in,,"Not sure yet","Hi

List brandsme.in in Google's Search Index and have it show up in online search results!

Submit brandsme.in today:

searchindex.net"
"2026-08-21 15:20:10","Adam Levesque",8178678929,domains@search-brandsme.in,,"Full-Funnel Growth (All Services)","Dear Sir/Madam

Register brandsme.in in Google's Search Index and have it be visible in web search results!

Add brandsme.in here:

helpindex.org"
"2026-08-28 05:15:08","Joanna Riggs",6997960130,joriggsvideo3@gmail.com,Chandigarh,"Paid Media / Google Ads","Hi,

I just visited brandsme.in and wondered if you'd ever thought about having an engaging video to explain what you do?

Our prices start from just $195 (USD).

Let me know if you're interested in seeing samples of our previous work.

Regards,
Joanna"
"2026-08-31 17:46:21","Dorothea Magnus",631038565,domains@search-brandsme.in,Mumbai,"Online Reputation Management","Dear Sir/Madam

Add brandsme.in in Google's Search Index to be visible in online search results!

Register brandsme.in now:

indexhelp.pro"
"2026-09-10 17:05:46","Rosita Buxton",7958236835,domains@search-brandsme.in,Other,"Social Media Marketing","Hello

Feature brandsme.in in Google's Search Index to appear in Google search results!

List brandsme.in now:

searchindex.pro"
